<?xml version="1.0" encoding="UTF-8"?>
<beans xmlns="http://www.springframework.org/schema/beans"
	xmlns:xsi="http://www.w3.org/2001/XMLSchema-instance" xmlns:p="http://www.springframework.org/schema/p"
	xmlns:context="http://www.springframework.org/schema/context"
	xmlns:mvc="http://www.springframework.org/schema/mvc"
	xsi:schemaLocation="http://www.springframework.org/schema/beans http://www.springframework.org/schema/beans/spring-beans.xsd
        http://www.springframework.org/schema/mvc http://www.springframework.org/schema/mvc/spring-mvc-4.0.xsd
        http://www.springframework.org/schema/context http://www.springframework.org/schema/context/spring-context.xsd">

	<!-- 自动扫描controller -->
	<context:component-scan base-package="com.yt.controller"/>
	<!-- 自动加载处理器映射器和处理器适配器 -->
	<mvc:annotation-driven/>
	<!-- 配置视图解析器 -->
	<bean class="org.springframework.web.servlet.view.InternalResourceViewResolver">
		<property name="prefix" value="/WEB-INF/jsp/"/>
		<property name="suffix" value=".jsp"/>
	</bean>
	
	<!-- 过滤静态资源 -->
	<mvc:resources location="/WEB-INF/js/" mapping="/js/**"/>
	<mvc:resources  location="/WEB-INF/css/" mapping="/css/**"/>
	
	<!--定义文件上传解析器  -->
	<bean id="multipartResolver" class="org.springframework.web.multipart.commons.CommonsMultipartResolver">
		<!-- 设定默认编码 -->
		<property name="defaultEncoding" value="UTF-8"/>
		<!-- 设定文件上传的最大值5MB，5*1025*1024 -->
		<property name="maxUploadSize" value="5242880"/>
	</bean>
	
</beans>
